<?xml version="1.0" encoding="shift_jis"?>
<LocalConnectionInfo xmlns:xsi="http://www.w3.org/2001/XMLSchema-instance" xmlns:xsd="http://www.w3.org/2001/XMLSchema">
  <Local_MasterMdb_FolderName>C:\OIOBAMA-Client_test_environment\Mdb\</Local_MasterMdb_FolderName>
  <Local_MasterMdb_MdbName>Master.accdb</Local_MasterMdb_MdbName>
  <Server_MasterMdb_FolderName>\\jpngsa.ibm.com\jpngsa\projects\o\oio-bama\OIOBAMA-Client_test_environment\Mdb\MasterMdb\</Server_MasterMdb_FolderName>
  <Server_DownLoadModule>\\jpngsa.ibm.com\jpngsa\projects\o\oio-bama\OIOBAMA-Client_test_environment\bin\DownLoadModule.xml</Server_DownLoadModule>
  <DB2DNS>OIREPIVT</DB2DNS>
  <OioBama_Url>https://w3-06preprod.ibm.com/jp/sales/oio/oiobama/web/</OioBama_Url>
  <OioBama_Url_Maps>https://w3-06preprod.ibm.com/jp/sales/oio/oiobama/web/</OioBama_Url_Maps>
  <Client_Ver>9.22</Client_Ver>
 <WebService_Wss_Url>https://w3-06preprod.ibm.com/jp/sales/oio/oiobama/web/OIOServerService.wss</WebService_Wss_Url>
<!-- <WebService_Wss_Url>http://b20zcigdt002.nankoh.japan.ibm.com/jp/sales/oio/oiobama/web/OIOServerService.wss</WebService_Wss_Url>-->
<!-- <WebService_Wss_Url>http://localhost:9080/jp/sales/oio/oiobama/web/OIOServerService.wss</WebService_Wss_Url>-->
  <WebService_ActionRoot_Url>http://service.web.oiobama.oio.sales.jp/OIOServer/</WebService_ActionRoot_Url>
  <WebService_NameSpace_Url>http://service.web.oiobama.oio.sales.jp/</WebService_NameSpace_Url>
</LocalConnectionInfo>
