<Setting>			
	<PROD_NAME>		
		<TextName>	
			PROD_NAME
		</TextName>	
		<TextDigitsMax>	
			50
		</TextDigitsMax>	
		<TextDigitsMin>	
			0
		</TextDigitsMin>	
		<Required>	
			0
		</Required>	
		<TextType>	
			String
		</TextType>	
	</PROD_NAME>		
	<WD_ANNT_DATE>		
		<TextName>	
			WD_ANNT_DATE
		</TextName>	
		<TextDigitsMax>	
			10
		</TextDigitsMax>	
		<TextDigitsMin>	
			0
		</TextDigitsMin>	
		<Required>	
			0
		</Required>	
		<TextType>	
			Date
		</TextType>	
	</WD_ANNT_DATE>
	<NO>		
		<TextName>	
			NO
		</TextName>	
		<TextDigitsMax>	
			10
		</TextDigitsMax>	
		<TextDigitsMin>	
			1
		</TextDigitsMin>	
		<Required>	
			1
		</Required>	
		<TextType>	
			String
		</TextType>	
	</NO>
	<FILE_NAME>		
		<TextName>	
			FILE_NAME
		</TextName>	
		<TextDigitsMax>	
			256
		</TextDigitsMax>	
		<TextDigitsMin>	
			0
		</TextDigitsMin>	
		<Required>	
			0
		</Required>	
		<TextType>	
			String
		</TextType>	
	</FILE_NAME>
	<FILE_NAME_SUFFIX>		
		<TextName>	
			FILE_NAME_SUFFIX
		</TextName>	
		<TextDigitsMax>	
			8
		</TextDigitsMax>	
		<TextDigitsMin>	
			0
		</TextDigitsMin>	
		<Required>	
			0
		</Required>	
		<TextType>	
			Number
		</TextType>	
	</FILE_NAME_SUFFIX>
	<FILE_NAME_SUFFIX_INTR>		
		<TextName>	
			FILE_NAME_SUFFIX_INTR
		</TextName>	
		<TextDigitsMax>	
			8
		</TextDigitsMax>	
		<TextDigitsMin>	
			0
		</TextDigitsMin>	
		<Required>	
			0
		</Required>	
		<TextType>	
			Number
		</TextType>	
	</FILE_NAME_SUFFIX_INTR>
	<CONTRACT>		
		<TextName>	
			 CONTRACT
		</TextName>	
		<TextDigitsMax>	
			10
		</TextDigitsMax>	
		<TextDigitsMin>	
			0
		</TextDigitsMin>	
		<Required>1</Required>	
		<TextType>	
			String
		</TextType>	
	</CONTRACT>
	<ST_COST>		
		<TextName>	
			 ST_COST
		</TextName>	
		<TextDigitsMax>	
			1
		</TextDigitsMax>	
		<TextDigitsMin>	
			0
		</TextDigitsMin>	
		<Required>	
			0
		</Required>	
		<TextType>	
			String
		</TextType>	
	</ST_COST>
	<ST_APPROVAL>		
		<TextName>	
			 ST_APPROVAL
		</TextName>	
		<TextDigitsMax>	
			1
		</TextDigitsMax>	
		<TextDigitsMin>	
			0
		</TextDigitsMin>	
		<Required>	
			0
		</Required>	
		<TextType>	
			String
		</TextType>	
	</ST_APPROVAL>
	<PROJ_ID>		
		<TextName>	
			 PROJ_ID
		</TextName>	
		<TextDigitsMax>	
			11
		</TextDigitsMax>	
		<TextDigitsMin>	
			0
		</TextDigitsMin>	
		<Required>	
			0
		</Required>	
		<TextType>	
			String
		</TextType>	
	</PROJ_ID>
	<CONTRACT_SEQ>
		<TextName>
			CONTRACT_SEQ
		</TextName>
		<TextDigitsMax>	
			30
		</TextDigitsMax>	
		<TextDigitsMin>	
			0
		</TextDigitsMin>	
		<Required>	
			0
		</Required>	
		<TextType>	
			String
		</TextType>	
	</CONTRACT_SEQ>
	<NEW_EXIST>		
		<TextName>	
			 NEW_EXIST
		</TextName>	
		<TextDigitsMax>	
			2
		</TextDigitsMax>	
		<TextDigitsMin>	
			0
		</TextDigitsMin>	
		<Required>	
			0
		</Required>	
		<TextType>	
			String
		</TextType>	
	</NEW_EXIST>
	<INV_EXP>		
		<TextName>	
			 INV_EXP
		</TextName>	
		<TextDigitsMax>	
			2
		</TextDigitsMax>	
		<TextDigitsMin>	
			0
		</TextDigitsMin>	
		<Required>	
			0
		</Required>	
		<TextType>	
			String
		</TextType>	
	</INV_EXP>
	<CUST_CATEGORY>		
		<TextName>	
			 CUST_CATEGORY
		</TextName>	
		<TextDigitsMax>	
			20
		</TextDigitsMax>	
		<TextDigitsMin>	
			0
		</TextDigitsMin>	
		<Required>	
			0
		</Required>	
		<TextType>	
			String
		</TextType>	
	</CUST_CATEGORY>
	<LETTER_PLAN_DATE>		
		<TextName>	
			 LETTER_PLAN_DATE
		</TextName>	
		<TextDigitsMax>	
			10
		</TextDigitsMax>	
		<TextDigitsMin>	
			0
		</TextDigitsMin>	
		<Required>	
			0
		</Required>	
		<TextType>	
			Date
		</TextType>	
	</LETTER_PLAN_DATE>
	<LETTER_ISSUE_DATE>		
		<TextName>	
			 LETTER_ISSUE_DATE
		</TextName>	
		<TextDigitsMax>	
			10
		</TextDigitsMax>	
		<TextDigitsMin>	
			0
		</TextDigitsMin>	
		<Required>	
			0
		</Required>	
		<TextType>	
			Date
		</TextType>	
	</LETTER_ISSUE_DATE>
	<LETTER_ACCEPT_DATE>		
		<TextName>	
			 LETTER_ACCEPT_DATE
		</TextName>	
		<TextDigitsMax>	
			10
		</TextDigitsMax>	
		<TextDigitsMin>	
			0
		</TextDigitsMin>	
		<Required>	
			0
		</Required>	
		<TextType>	
			Date
		</TextType>	
	</LETTER_ACCEPT_DATE>
	<ORDER_DATE>		
		<TextName>	
			 ORDER_DATE
		</TextName>	
		<TextDigitsMax>	
			10
		</TextDigitsMax>	
		<TextDigitsMin>	
			0
		</TextDigitsMin>	
		<Required>	
			0
		</Required>	
		<TextType>	
			Date
		</TextType>	
	</ORDER_DATE>
	<LETTER_ID>		
		<TextName>	
			 LETTER_ID
		</TextName>	
		<TextDigitsMax>	
			13
		</TextDigitsMax>	
		<TextDigitsMin>	
			0
		</TextDigitsMin>	
		<Required>	
			0
		</Required>	
		<TextType>	
			String
		</TextType>	
	</LETTER_ID>
	<BU>		
		<TextName>	
			 BU
		</TextName>	
		<TextDigitsMax>	
			20
		</TextDigitsMax>	
		<TextDigitsMin>	
			0
		</TextDigitsMin>	
		<Required>	
			0
		</Required>	
		<TextType>	
			String
		</TextType>	
	</BU>
	<BRAND>		
		<TextName>	
			 BRAND
		</TextName>	
		<TextDigitsMax>	
			20
		</TextDigitsMax>	
		<TextDigitsMin>	
			0
		</TextDigitsMin>	
		<Required>	
			0
		</Required>	
		<TextType>	
			String
		</TextType>	
	</BRAND>
	<SUM_CATEGORY>		
		<TextName>	
			 SUM_CATEGORY
		</TextName>	
		<TextDigitsMax>	
			20
		</TextDigitsMax>	
		<TextDigitsMin>	
			0
		</TextDigitsMin>	
		<Required>	
			0
		</Required>	
		<TextType>	
			String
		</TextType>	
	</SUM_CATEGORY>
	<BRAND_SUB>		
		<TextName>	
			 BRAND_SUB
		</TextName>	
		<TextDigitsMax>	
			20
		</TextDigitsMax>	
		<TextDigitsMin>	
			0
		</TextDigitsMin>	
		<Required>	
			0
		</Required>	
		<TextType>	
			String
		</TextType>	
	</BRAND_SUB>
	<OP1>		
		<TextName>	
			 OP1
		</TextName>	
		<TextDigitsMax>	
			20
		</TextDigitsMax>	
		<TextDigitsMin>	
			0
		</TextDigitsMin>	
		<Required>	
			0
		</Required>	
		<TextType>	
			String
		</TextType>	
	</OP1>
	<OP2>		
		<TextName>	
			 OP2
		</TextName>	
		<TextDigitsMax>	
			20
		</TextDigitsMax>	
		<TextDigitsMin>	
			0
		</TextDigitsMin>	
		<Required>	
			0
		</Required>	
		<TextType>	
			String
		</TextType>	
	</OP2>

	<SIZE>		
		<TextName>	
			 SIZE
		</TextName>	
		<TextDigitsMax>	
			20
		</TextDigitsMax>	
		<TextDigitsMin>	
			0
		</TextDigitsMin>	
		<Required>	
			0
		</Required>	
		<TextType>	
			String
		</TextType>	
	</SIZE>
	<NON_SBO>		
		<TextName>	
			 NON_SBO
		</TextName>	
		<TextDigitsMax>	
			1
		</TextDigitsMax>	
		<TextDigitsMin>	
			0
		</TextDigitsMin>	
		<Required>	
			0
		</Required>	
		<TextType>	
			String
		</TextType>	
	</NON_SBO>
	
	<TOPACS_CPNO>		
		<TextName>	
			 TOPACS_CPNO
		</TextName>	
		<TextDigitsMax>	
			20
		</TextDigitsMax>	
		<TextDigitsMin>	
			0
		</TextDigitsMin>	
		<Required>	
			0
		</Required>	
		<TextType>	
			String
		</TextType>	
	</TOPACS_CPNO>
	<BRAND_AP_FORM>		
		<TextName>	
			 BRAND_AP_FORM
		</TextName>	
		<TextDigitsMax>	
			30
		</TextDigitsMax>	
		<TextDigitsMin>	
			0
		</TextDigitsMin>	
		<Required>	
			0
		</Required>	
		<TextType>	
			String
		</TextType>	
	</BRAND_AP_FORM>
	<BRAND_AP_REQ>		
		<TextName>	
			 BRAND_AP_REQ
		</TextName>	
		<TextDigitsMax>	
			30
		</TextDigitsMax>	
		<TextDigitsMin>	
			0
		</TextDigitsMin>	
		<Required>	
			0
		</Required>	
		<TextType>	
			String
		</TextType>	
	</BRAND_AP_REQ>
	<BRAND_AP_CONF>
		<TextName>BRAND_AP_CONF</TextName>
		<TextDigitsMax>0</TextDigitsMax>
		<TextDigitsMin>0</TextDigitsMin>
		<Required>3</Required>
		<TextType>Number</TextType>
	</BRAND_AP_CONF>
	<PATTERN_CD>		
		<TextName>	
			 PATTERN_CD
		</TextName>	
		<TextDigitsMax>	
			30
		</TextDigitsMax>	
		<TextDigitsMin>	
			0
		</TextDigitsMin>	
		<Required>	
			0
		</Required>	
		<TextType>	
			String
		</TextType>	
	</PATTERN_CD>
	<PATTERN>		
		<TextName>	
			 PATTERN
		</TextName><TextDigitsMax>	
			30
		</TextDigitsMax><TextDigitsMin>	0</TextDigitsMin><Required>0</Required><TextType>	
			String
		</TextType>	
	</PATTERN>
<PROD_ITEM01><TextName>	PROD_ITEM01	</TextName><TextDigitsMax>	50	</TextDigitsMax><TextDigitsMin> 0</TextDigitsMin><Required>0</Required><TextType>	String	</TextType></PROD_ITEM01>
<PROD_ITEM02><TextName>	PROD_ITEM02	</TextName><TextDigitsMax>	50	</TextDigitsMax><TextDigitsMin> 0</TextDigitsMin><Required>0</Required><TextType>	String	</TextType></PROD_ITEM02>
<PROD_ITEM03><TextName>	PROD_ITEM03	</TextName><TextDigitsMax>	50	</TextDigitsMax><TextDigitsMin> 0</TextDigitsMin><Required>0</Required><TextType>	String	</TextType></PROD_ITEM03>
<PROD_ITEM04><TextName>	PROD_ITEM04	</TextName><TextDigitsMax>	50	</TextDigitsMax><TextDigitsMin> 0</TextDigitsMin><Required>0</Required><TextType>	String	</TextType></PROD_ITEM04>
<PROD_ITEM05><TextName>	PROD_ITEM05	</TextName><TextDigitsMax>	50	</TextDigitsMax><TextDigitsMin> 0</TextDigitsMin><Required>0</Required><TextType>	String	</TextType></PROD_ITEM05>
<PROD_ITEM06><TextName>	PROD_ITEM06	</TextName><TextDigitsMax>	50	</TextDigitsMax><TextDigitsMin> 0</TextDigitsMin><Required>0</Required><TextType>	String	</TextType></PROD_ITEM06>
<PROD_ITEM07><TextName>	PROD_ITEM07	</TextName><TextDigitsMax>	50	</TextDigitsMax><TextDigitsMin> 0</TextDigitsMin><Required>0</Required><TextType>	String	</TextType></PROD_ITEM07>
<PROD_ITEM08><TextName>	PROD_ITEM08	</TextName><TextDigitsMax>	50	</TextDigitsMax><TextDigitsMin> 0</TextDigitsMin><Required>0</Required><TextType>	String	</TextType></PROD_ITEM08>
<PROD_ITEM09><TextName>	PROD_ITEM09	</TextName><TextDigitsMax>	50	</TextDigitsMax><TextDigitsMin> 0</TextDigitsMin><Required>0</Required><TextType>	String	</TextType></PROD_ITEM09>
<PROD_ITEM10><TextName>	PROD_ITEM10	</TextName><TextDigitsMax>	50	</TextDigitsMax><TextDigitsMin> 0</TextDigitsMin><Required>0</Required><TextType>	String	</TextType></PROD_ITEM10>
<WD_ANNT_DATE><TextName>	WD_ANNT_DATE	</TextName><TextDigitsMax>	10	</TextDigitsMax><TextDigitsMin> 0</TextDigitsMin><Required>0</Required><TextType>	Date	</TextType></WD_ANNT_DATE>
<WD_DATE><TextName>	WD_DATE	</TextName><TextDigitsMax>	10	</TextDigitsMax><TextDigitsMin> 0</TextDigitsMin><Required>0</Required><TextType>	Date	</TextType></WD_DATE>
<PRICE_CHG_DATE><TextName>	PRICE_CHG_DATE	</TextName><TextDigitsMax>	10	</TextDigitsMax><TextDigitsMin> 0</TextDigitsMin><Required>0</Required><TextType>	Date	</TextType></PRICE_CHG_DATE>
<QTY><TextName>	QTY	</TextName><TextDigitsMax>	5	</TextDigitsMax><TextDigitsMin> 0</TextDigitsMin><Required>0</Required><TextType>	Number	</TextType></QTY>
<INST_YEAR><TextName>	INST_YEAR	</TextName><TextDigitsMax>	4	</TextDigitsMax><TextDigitsMin> 0</TextDigitsMin><Required>0</Required><TextType>	Number	</TextType></INST_YEAR>
<INST_MONTH><TextName>	INST_MONTH	</TextName><TextDigitsMax>	2	</TextDigitsMax><TextDigitsMin> 0</TextDigitsMin><Required>0</Required><TextType>	Number	</TextType></INST_MONTH>
<PAY_START_YEAR><TextName>	PAY_START_YEAR	</TextName><TextDigitsMax>	4	</TextDigitsMax><TextDigitsMin> 0</TextDigitsMin><Required>0</Required><TextType>	Number	</TextType></PAY_START_YEAR>
<PAY_START_MONTH><TextName>	PAY_START_MONTH	</TextName><TextDigitsMax>	2	</TextDigitsMax><TextDigitsMin> 0</TextDigitsMin><Required>0</Required><TextType>	Number	</TextType></PAY_START_MONTH>
<PAY_START_RMONTH><TextName>	PAY_START_RMONTH	</TextName><TextDigitsMax>	4	</TextDigitsMax><TextDigitsMin> 0</TextDigitsMin><Required>0</Required><TextType>	Number	</TextType></PAY_START_RMONTH>
<PAY_END_YEAR><TextName>	PAY_END_YEAR	</TextName><TextDigitsMax>	4	</TextDigitsMax><TextDigitsMin> 0</TextDigitsMin><Required>0</Required><TextType>	Number	</TextType></PAY_END_YEAR>
<PAY_END_MONTH><TextName>	PAY_END_MONTH	</TextName><TextDigitsMax>	2	</TextDigitsMax><TextDigitsMin> 0</TextDigitsMin><Required>0</Required><TextType>	Number	</TextType></PAY_END_MONTH>
<PAY_END_RMONTH><TextName>	PAY_END_RMONTH	</TextName><TextDigitsMax>	4	</TextDigitsMax><TextDigitsMin> 0</TextDigitsMin><Required>0</Required><TextType>	Number	</TextType></PAY_END_RMONTH>
<PAY_MONTHS><TextName>	PAY_MONTHS	</TextName><TextDigitsMax>	3	</TextDigitsMax><TextDigitsMin> 0</TextDigitsMin><Required>0</Required><TextType>	Number	</TextType></PAY_MONTHS>
<PAY_METHOD><TextName>	PAY_METHOD	</TextName><TextDigitsMax>	20	</TextDigitsMax><TextDigitsMin> 0</TextDigitsMin><Required>0</Required><TextType>	String	</TextType></PAY_METHOD>
<IGF_APPLIED><TextName>	IGF_APPLIED	</TextName><TextDigitsMax>	1	</TextDigitsMax><TextDigitsMin> 0</TextDigitsMin><Required>0</Required><TextType>	String	</TextType></IGF_APPLIED>
<IGF_CONT_NO><TextName>	IGF_CONT_NO	</TextName><TextDigitsMax>	11	</TextDigitsMax><TextDigitsMin> 0</TextDigitsMin><Required>0</Required><TextType>	String	</TextType></IGF_CONT_NO>
<IGF_RATE_BAUCOC><TextName>	IGF_RATE_BAUCOC	</TextName><TextDigitsMax>	8	</TextDigitsMax><TextDigitsMin> 0</TextDigitsMin><Required>0</Required><TextType>	Number	</TextType></IGF_RATE_BAUCOC>
<IGF_RATE_IOC><TextName>	IGF_RATE_IOC	</TextName><TextDigitsMax>	8	</TextDigitsMax><TextDigitsMin> 0</TextDigitsMin><Required>0</Required><TextType>	Number	</TextType></IGF_RATE_IOC>
<LIST_PRICE_PROPOSAL><TextName>	LIST_PRICE_PROPOSAL	</TextName><TextDigitsMax>	10	</TextDigitsMax><TextDigitsMin> 0</TextDigitsMin><Required>0</Required><TextType>	Number	</TextType></LIST_PRICE_PROPOSAL>
<LIST_PRICE><TextName>	LIST_PRICE	</TextName><TextDigitsMax>	10	</TextDigitsMax><TextDigitsMin> 0</TextDigitsMin><Required>0</Required><TextType>	Number	</TextType></LIST_PRICE>
<LIST_PRICE_TOTAL_PROPOSAL><TextName>	LIST_PRICE_TOTAL_PROPOSAL	</TextName><TextDigitsMax>	10	</TextDigitsMax><TextDigitsMin> 0</TextDigitsMin><Required>0</Required><TextType>	Number	</TextType></LIST_PRICE_TOTAL_PROPOSAL>
<LIST_PRICE_TOTAL><TextName>	LIST_PRICE_TOTAL	</TextName><TextDigitsMax>	10	</TextDigitsMax><TextDigitsMin> 0</TextDigitsMin><Required>0</Required><TextType>	Number	</TextType></LIST_PRICE_TOTAL>
<DP_BAU><TextName>	DP_BAU	</TextName><TextDigitsMax>	7	</TextDigitsMax><TextDigitsMin> 0</TextDigitsMin><Required>0</Required><TextType>	Number	</TextType></DP_BAU>
<DP_COC><TextName>	DP_COC	</TextName><TextDigitsMax>	7	</TextDigitsMax><TextDigitsMin> 0</TextDigitsMin><Required>0</Required><TextType>	Number	</TextType></DP_COC>
<DP_IOC><TextName>	DP_IOC	</TextName><TextDigitsMax>	7	</TextDigitsMax><TextDigitsMin> 0</TextDigitsMin><Required>0</Required><TextType>	Number	</TextType></DP_IOC>
<PRICE_UNIT_BAU><TextName>	PRICE_UNIT_BAU	</TextName><TextDigitsMax>	10	</TextDigitsMax><TextDigitsMin> 0</TextDigitsMin><Required>0</Required><TextType>	Number	</TextType></PRICE_UNIT_BAU>
<PRICE_QTY_BAU><TextName>	PRICE_QTY_BAU	</TextName><TextDigitsMax>	10	</TextDigitsMax><TextDigitsMin> 0</TextDigitsMin><Required>0</Required><TextType>	Number	</TextType></PRICE_QTY_BAU>
<PRICE_UNIT_COC><TextName>	PRICE_UNIT_COC	</TextName><TextDigitsMax>	10	</TextDigitsMax><TextDigitsMin> 0</TextDigitsMin><Required>0</Required><TextType>	Number	</TextType></PRICE_UNIT_COC>
<PRICE_QTY_COC><TextName>	PRICE_QTY_COC	</TextName><TextDigitsMax>	10	</TextDigitsMax><TextDigitsMin> 0</TextDigitsMin><Required>0</Required><TextType>	Number	</TextType></PRICE_QTY_COC>
<PRICE_UNIT_IOC><TextName>	PRICE_UNIT_IOC	</TextName><TextDigitsMax>	10	</TextDigitsMax><TextDigitsMin> 0</TextDigitsMin><Required>0</Required><TextType>	Number	</TextType></PRICE_UNIT_IOC>
<PRICE_QTY_IOC><TextName>	PRICE_QTY_IOC	</TextName><TextDigitsMax>	10	</TextDigitsMax><TextDigitsMin> 0</TextDigitsMin><Required>0</Required><TextType>	Number	</TextType></PRICE_QTY_IOC>
<COST_RATE><TextName>	COST_RATE	</TextName><TextDigitsMax>	8	</TextDigitsMax><TextDigitsMin> 0</TextDigitsMin><Required>0</Required><TextType>	Number	</TextType></COST_RATE>
<COST><TextName>	COST	</TextName><TextDigitsMax>	10	</TextDigitsMax><TextDigitsMin> 0</TextDigitsMin><Required>0</Required><TextType>	Number	</TextType></COST>
<COST_TOTAL><TextName>	COST_TOTAL	</TextName><TextDigitsMax>	10	</TextDigitsMax><TextDigitsMin> 0</TextDigitsMin><Required>0</Required><TextType>	Number	</TextType></COST_TOTAL>
<COST_INPUT_DATE><TextName>	COST_INPUT_DATE	</TextName><TextDigitsMax>	10	</TextDigitsMax><TextDigitsMin> 0</TextDigitsMin><Required>0</Required><TextType>	Date	</TextType></COST_INPUT_DATE>
<TAX_RATE><TextName>	TAX_RATE	</TextName><TextDigitsMax>	8	</TextDigitsMax><TextDigitsMin> 0</TextDigitsMin><Required>0</Required><TextType>	Number	</TextType></TAX_RATE>
<PRICE_TO_SPLIT><TextName>	PRICE_TO_SPLIT	</TextName><TextDigitsMax>	10	</TextDigitsMax><TextDigitsMin> 0</TextDigitsMin><Required>0</Required><TextType>	Number	</TextType></PRICE_TO_SPLIT>
<LIST_PRICE_TOTAL_IOC><TextName>	LIST_PRICE_TOTAL_IOC	</TextName><TextDigitsMax>	10	</TextDigitsMax><TextDigitsMin> 0</TextDigitsMin><Required>0</Required><TextType>	Number	</TextType></LIST_PRICE_TOTAL_IOC>
<PRICE_TOTAL_IOC><TextName>	PRICE_TOTAL_IOC	</TextName><TextDigitsMax>	10	</TextDigitsMax><TextDigitsMin> 0</TextDigitsMin><Required>0</Required><TextType>	Number	</TextType></PRICE_TOTAL_IOC>
<COST_TOTAL_IOC><TextName>	COST_TOTAL_IOC	</TextName><TextDigitsMax>	10	</TextDigitsMax><TextDigitsMin> 0</TextDigitsMin><Required>0</Required><TextType>	Number	</TextType></COST_TOTAL_IOC>

<SEQ><TextName>	SEQ	</TextName><TextDigitsMax>	8	</TextDigitsMax><TextDigitsMin> 0</TextDigitsMin><Required>0</Required><TextType>	Number	</TextType></SEQ>
<IDENTITY_FLAG><TextName>	IDENTITY_FLAG	</TextName><TextDigitsMax>	1	</TextDigitsMax><TextDigitsMin> 0</TextDigitsMin><Required>0</Required><TextType>	String	</TextType></IDENTITY_FLAG>
<PROD_NO><TextName>	PROD_NO	</TextName><TextDigitsMax>	30	</TextDigitsMax><TextDigitsMin> 0</TextDigitsMin><Required>0</Required><TextType>	String	</TextType></PROD_NO>
<MES_CATEGORY><TextName>	MES_CATEGORY	</TextName><TextDigitsMax>	2	</TextDigitsMax><TextDigitsMin> 0</TextDigitsMin><Required>0</Required><TextType>	String	</TextType></MES_CATEGORY>
<MES_GROUP><TextName>	MES_GROUP	</TextName><TextDigitsMax>	2	</TextDigitsMax><TextDigitsMin> 0</TextDigitsMin><Required>0</Required><TextType>	String	</TextType></MES_GROUP>
<SPECIAL_FEATURE><TextName>	SPECIAL_FEATURE	</TextName><TextDigitsMax>	1	</TextDigitsMax><TextDigitsMin> 0</TextDigitsMin><Required>0</Required><TextType>	String	</TextType></SPECIAL_FEATURE>
					
</Setting>			
