" Output File Name: C:\work\8408(682CABX)_MES_181019_SWMA.csv "
,,," Server 1 "

"Date : 2018/10/19",,,,,"PCConv(ECMPWR) Version : 4.3"
"Time : 11:16:40",,,,,"Last Build : 26 December 2017"
"CFREPORT : Upgrade 1 of 1 from C:\work\8408(682CABX)_MESJa_JP1019.cfr"
"Currency : JPY"
"Hardware Price File : JP Yen--POWER Systems and GTS/I  2018/10/11"
"Software Price File : JP Yen--POWER Systems and GTS/I  2018/10/11"
"Upgrade Price File : JP Yen-- UPGER Sys  2018/10/11"

"This configurator is classified for proposal usage for IBM personnel"
"and Business Partners only.  The configurator USER must provide"
"complete and accurate information in order to produce a valid"
"upgrade system order or proposal.  The user will be held responsible"
"for verifying that the price, terms, and conditions are consistent"
"with the current sales manual.  Commitments on prices should not be"
"made without complete verification with the sales manuals.  Prices"
"are for your information only and are subject to change.  Applicable"
"taxes are not shown."


"********************  USER SELECTED/CRITICAL MESSAGES  ********************"

"                                                               "
"*** This is a POWER SYSTEMS MACHINE - Please see System        "
"comments for the Operating System(s) ordered ***               "
"                                                               "
"Custom ServicePacs require scoping assistance                  "



"*************************  HARDWARE BASE SYSTEM  *************************"

"Product","    Description"," Serial ","Qty","Purchase "," "," "," ","Maint "," "," "," "," "

"8408-E8E","Server 1:8408 Model E8E","682CABX",1,3754000," "," "," ","MULT "," "," "," "," "
"0265","AIX Partition Specify","",16,"N/C "," "," "," "," "," "," "," "," "
"0728","EXP24S SFF Gen2 Load Source Specify (#5887 or #EL1S)","",1,"N/C "," "," "," "," "," "," "," "," "
"2146","Primary OS - AIX","",3,"N/C "," "," "," "," "," "," "," "," "
"3930","System Serial Port Converter Cable","",1,2300," "," "," "," "," "," "," "," "
"4650","Rack Indicator- Not Factory Integrated","",1,"N/C "," "," "," "," "," "," "," "," "
"5887","EXP24S SFF Gen2-bay Drawer","",2,1728000," "," "," ","MULT "," "," "," "," "
"5899","PCIe2 4-port 1GbE Adapter","",10,562000," "," "," "," "," "," "," "," "
"6671","Power Cord 2.7M (9-foot), Drawer to IBM PDU,  250V/10A","",10,23000," "," "," "," "," "," "," "," "
"9440","New AIX License Core Counter","",28,"N/C "," "," "," "," "," "," "," "," "
"9714","Language Group Specify - Japanese","",1,"N/C "," "," "," "," "," "," "," "," "
"9742","Customer Install MES","",2,"N/C "," "," "," "," "," "," "," "," "
"EB2M","AC Power Supply - 1400W for Server (200-240 VAC)","",4,315200," "," "," "," "," "," "," "," "
"ECBJ","SAS X Cable 3m - HD Narrow 6Gb 2-Adapters to Enclosure","",4,288000," "," "," "," "," "," "," "," "
"ECC3","SAS AA Cable 3m - HD Narrow 6Gb Adapter to Adapter","",8,288000," "," "," "," "," "," "," "," "
"ECC7","3M Optical Cable Pair for PCIe3 Expansion Drawer","",2,1302000," "," "," "," "," "," "," "," "
"ECW0","Optical Wrap Plug","",4,8400," "," "," "," "," "," "," "," "
"EJ08","PCIe3 Optical Cable Adapter for PCIe3 Expansion Drawer","",2,472600," "," "," "," "," "," "," "," "
"EJ10","PCIe3 SAS Tape/DVD Adapter Quad-port 6Gb x8","",1,160000," "," "," "," "," "," "," "," "
"EJ14","PCIe3 12GB Cache RAID PLUS SAS Adapter Quad-port 6Gb x8","",8,11760000," "," "," "," "," "," "," "," "
"EJRJ","Specify Mode-2 & (4)EJ14 for EXP24S (#5887/EL1S)","",2,"N/C "," "," "," "," "," "," "," "," "
"EM8P","16 GB DDR4 Memory","",28,3376800," "," "," "," "," "," "," "," "
"EMAA","1GB Memory Activation","",44,343200," "," "," "," "," "," "," "," "
"EMAB","Quantity of 100 1GB Memory Activations","",4,3108000," "," "," "," "," "," "," "," "
"EMEE","DDR4 Memory Enablement (plant)","",1,142200," "," "," "," "," "," "," "," "
"EMX0","PCIe Gen3 I/O Expansion Drawer","",1,1814000," "," "," ","MULT "," "," "," "," "
"EMXA","AC Power Supply Conduit for PCIe3 Expansion Drawer","",1,44100," "," "," "," "," "," "," "," "
"EMXF","PCIe3 6-Slot Fanout Module for PCIe3 Expansion Drawer","",2,1495800," "," "," "," "," "," "," "," "
"EN0A","PCIe3 16Gb 2-port Fibre Channel Adapter","",2,1216000," "," "," "," "," "," "," "," "
"EPV2","3.72 GHz, 8-core POWER8 Processor Module","",4,6424000," "," "," ","MULT "," "," "," "," "
"EPV9","1 core Processor Activation for #EPV2","",28,8150800," "," "," ","MULT "," "," "," "," "
"EPVP","Storage Backplane with Dual RAID Controller without Write Cache","",1,630000," "," "," "," "," "," "," "," "
"EPVV","PowerVM - Enterprise Edition","",28,"N/C "," "," "," "," "," "," "," "," "
"ESC7","S&H","",1,54300," "," "," "," "," "," "," "," "
"ESD3","1.2TB 10K RPM SAS SFF-2 Disk Drive (AIX/Linux)","",18,3657600," "," "," "," "," "," "," "," "
," ",,,"========= ",,,,"====== "," "
,"8408-E8E Price",,,51120300,,,," "," "
,"Monthly Maintenance",,," ",,,,233400," "
,"Annual Maintenance",,," ",,,,2800800," "
" "


"************************  HARDWARE TARGET SYSTEM  ************************"

"Product","    Description"," Serial ","Qty","Purchase "," "," "," ","Maint "," "," "," "," "

"8408-E8E","Server 1:8408 Model E8E","682CABX",1,3754000," "," "," ","MULT "," "," "," "," "
"0265","AIX Partition Specify","",16,"N/C "," "," "," "," "," "," "," "," "
"0728","EXP24S SFF Gen2 Load Source Specify (#5887 or #EL1S)","",1,"N/C "," "," "," "," "," "," "," "," "
"2146","Primary OS - AIX","",3,"N/C "," "," "," "," "," "," "," "," "
"3930","System Serial Port Converter Cable","",1,2300," "," "," "," "," "," "," "," "
"4650","Rack Indicator- Not Factory Integrated","",1,"N/C "," "," "," "," "," "," "," "," "
"5887","EXP24S SFF Gen2-bay Drawer","",2,1728000," "," "," ","MULT "," "," "," "," "
"5899","PCIe2 4-port 1GbE Adapter","",10,562000," "," "," "," "," "," "," "," "
"6671","Power Cord 2.7M (9-foot), Drawer to IBM PDU,  250V/10A","",10,23000," "," "," "," "," "," "," "," "
"9440","New AIX License Core Counter","",28,"N/C "," "," "," "," "," "," "," "," "
"9714","Language Group Specify - Japanese","",1,"N/C "," "," "," "," "," "," "," "," "
"9742","Customer Install MES","",2,"N/C "," "," "," "," "," "," "," "," "
"EB2M","AC Power Supply - 1400W for Server (200-240 VAC)","",4,315200," "," "," "," "," "," "," "," "
"ECBJ","SAS X Cable 3m - HD Narrow 6Gb 2-Adapters to Enclosure","",4,288000," "," "," "," "," "," "," "," "
"ECC3","SAS AA Cable 3m - HD Narrow 6Gb Adapter to Adapter","",8,288000," "," "," "," "," "," "," "," "
"ECC7","3M Optical Cable Pair for PCIe3 Expansion Drawer","",2,1302000," "," "," "," "," "," "," "," "
"ECW0","Optical Wrap Plug","",4,8400," "," "," "," "," "," "," "," "
"EJ08","PCIe3 Optical Cable Adapter for PCIe3 Expansion Drawer","",2,472600," "," "," "," "," "," "," "," "
"EJ10","PCIe3 SAS Tape/DVD Adapter Quad-port 6Gb x8","",1,160000," "," "," "," "," "," "," "," "
"EJ14","PCIe3 12GB Cache RAID PLUS SAS Adapter Quad-port 6Gb x8","",8,11760000," "," "," "," "," "," "," "," "
"EJRJ","Specify Mode-2 & (4)EJ14 for EXP24S (#5887/EL1S)","",2,"N/C "," "," "," "," "," "," "," "," "
"EM8P","16 GB DDR4 Memory","",28,3376800," "," "," "," "," "," "," "," "
"EMAA","1GB Memory Activation","",44,343200," "," "," "," "," "," "," "," "
"EMAB","Quantity of 100 1GB Memory Activations","",4,3108000," "," "," "," "," "," "," "," "
"EMEE","DDR4 Memory Enablement (plant)","",1,142200," "," "," "," "," "," "," "," "
"EMX0","PCIe Gen3 I/O Expansion Drawer","",1,1814000," "," "," ","MULT "," "," "," "," "
"EMXA","AC Power Supply Conduit for PCIe3 Expansion Drawer","",1,44100," "," "," "," "," "," "," "," "
"EMXF","PCIe3 6-Slot Fanout Module for PCIe3 Expansion Drawer","",2,1495800," "," "," "," "," "," "," "," "
"EN0A","PCIe3 16Gb 2-port Fibre Channel Adapter","",2,1216000," "," "," "," "," "," "," "," "
"EPV2","3.72 GHz, 8-core POWER8 Processor Module","",4,6424000," "," "," ","MULT "," "," "," "," "
"EPV9","1 core Processor Activation for #EPV2","",28,8150800," "," "," ","MULT "," "," "," "," "
"EPVP","Storage Backplane with Dual RAID Controller without Write Cache","",1,630000," "," "," "," "," "," "," "," "
"EPVV","PowerVM - Enterprise Edition","",28,"N/C "," "," "," "," "," "," "," "," "
"ESC7","S&H","",1,54300," "," "," "," "," "," "," "," "
"ESD3","1.2TB 10K RPM SAS SFF-2 Disk Drive (AIX/Linux)","",18,3657600," "," "," "," "," "," "," "," "
," ",,,"========= ",,,,"====== "," "
,"8408-E8E Price",,,51120300,,,," "," "
,"Monthly Maintenance",,," ",,,,233400," "
,"Annual Maintenance",,," ",,,,2800800," "
" "


"*************************  SOFTWARE BASE SYSTEM  *************************"

"Product","    Description"," Serial ","Qty","License "," "," "," "," "," "," "," "," "

"5660-H23","1-Year SWMA for 5765-H39/H23","89RUG2P",1,"N/C "," "," "," "," "," "," "," "," "
"A1QM","Per Proc SW Maint 1Y Ren (Small)","",13,1081600," "," "," "," "," "," "," "," "
," ",,,"========= ",,,," "," "
,"5660-H23 Price",,,1081600,,,," "," "
" "
"5662-H23","3-Year Registration SWMA for 5765-H39/H23","SN1",1,"N/C "," "," "," "," "," "," "," "," "
"0702","Per Proc SW Maint 3Y Reg (Small)","",15,2496000," "," "," "," "," "," "," "," "
," ",,,"========= ",,,," "," "
,"5662-H23 Price",,,2496000,,,," "," "
" "
"5692-A6P","System Software","896DJ3P",1,"N/C "," "," "," "," "," "," "," "," "
"1101","DVD Process No Charge","",1,"N/C "," "," "," "," "," "," "," "," "
"1404","VIOS Expansion Pack","",1,"N/C "," "," "," "," "," "," "," "," "
"2201","Virtual I/O Server","",1,"N/C "," "," "," "," "," "," "," "," "
"2307","IBM PowerVP Standard Edition (5765-SLE)","",1,"N/C "," "," "," "," "," "," "," "," "
"2324","NovaLink (5765-PVS/PVE)","",1,"N/C "," "," "," "," "," "," "," "," "
"3435","DVD/CD-ROM","",1,"N/C "," "," "," "," "," "," "," "," "
," ",,,"========= ",,,," "," "
,"5692-A6P Price",,,0,,,," "," "
" "
"5692-A6P","System Software","896DI3P",1,"N/C "," "," "," "," "," "," "," "," "
"0952","AIX Japan kit","",1,"N/C "," "," "," "," "," "," "," "," "
"0957","AIX Toolbox for Linux Source","",1,"N/C "," "," "," "," "," "," "," "," "
"1100","DVD Process Charge","",1,9300," "," "," "," "," "," "," "," "
"1488","Firefox for AIX (ESD)","",1,"N/C "," "," "," "," "," "," "," "," "
"2259","AIX Toolbox for Linux Applications","",1,"N/C "," "," "," "," "," "," "," "," "
"2271","AIX 7.1 Base Install","",1,"N/C "," "," "," "," "," "," "," "," "
"2272","AIX 7.1 Update Media","",1,"N/C "," "," "," "," "," "," "," "," "
"2273","AIX 7.1 Expansion Pack","",1,"N/C "," "," "," "," "," "," "," "," "
"2320","AIX 7.1 Info Center","",1,"N/C "," "," "," "," "," "," "," "," "
"2322","IBM PowerHA SystemMirror Std Ed V7.2 (5765-H39)","",1,"N/C "," "," "," "," "," "," "," "," "
"2506","AIX 7.1 Standard Edition Specify (5765-G98)","",1,"N/C "," "," "," "," "," "," "," "," "
"3435","DVD/CD-ROM","",1,"N/C "," "," "," "," "," "," "," "," "
," ",,,"========= ",,,," "," "
,"5692-A6P Price",,,9300,,,," "," "
" "
"5765-G98","IBM AIX 7 Standard Edition","89NBR3P",1,"N/C "," "," "," "," "," "," "," "," "
"C1AT","Per Processor Power7/8 - Small","",28,2730000," "," "," "," "," "," "," "," "
," ",,,"========= ",,,," "," "
,"5765-G98 Price",,,2730000,,,," "," "
" "
"5765-H39","IBM PowerHA SystemMirror Standard Edition V7","SN2",1,"N/C "," "," "," "," "," "," "," "," "
"C1EK","Per Proc w 1Yr SW Maint (Small)","",15,6240000," "," "," "," "," "," "," "," "
," ",,,"========= ",,,," "," "
,"5765-H39 Price",,,6240000,,,," "," "
" "
"5765-H39","IBM PowerHA SystemMirror Standard Edition V7","89NCT3P",1,"N/C "," "," "," "," "," "," "," "," "
"C1EK","Per Proc w 1Yr SW Maint (Small)","",13,5408000," "," "," "," "," "," "," "," "
," ",,,"========= ",,,," "," "
,"5765-H39 Price",,,5408000,,,," "," "
" "
"5765-PVE","PowerVM Enterprise Edition","89ND03P",1,"N/C "," "," "," "," "," "," "," "," "
"B9FV","Per Processor - Small","",28,2060800," "," "," "," "," "," "," "," "
," ",,,"========= ",,,," "," "
,"5765-PVE Price",,,2060800,,,," "," "
" "
"5771-PVE","1-Year SWMA for 5765-PVE","89AN6UP",1,"N/C "," "," "," "," "," "," "," "," "
"A0TQ","Per Proc SW Maint Renewal (Small)","",28,448000," "," "," "," "," "," "," "," "
," ",,,"========= ",,,," "," "
,"5771-PVE Price",,,448000,,,," "," "
" "
"5771-SWM","1-Year SWMA for 5765-C34/E61/E62/G03/G62/G98","89AO4UP",1,"N/C "," "," "," "," "," "," "," "," "
"A1BF","Per Processor 1 Yr SWMA Small Power 7 Ren","",28,560000," "," "," "," "," "," "," "," "
," ",,,"========= ",,,," "," "
,"5771-SWM Price",,,560000,,,," "," "
" "


"************************  SOFTWARE TARGET SYSTEM  ************************"

"Product","    Description"," Serial ","Qty","License "," "," "," "," "," "," "," "," "

"5660-H23","1-Year SWMA for 5765-H39/H23","",1,"N/C "," "," "," "," "," "," "," "," "
"A1QM","Per Proc SW Maint 1Y Ren (Small)","",28,2329600," "," "," "," "," "," "," "," "
," ",,,"========= ",,,," "," "
,"5660-H23 Price",,,2329600,,,," "," "
" "
"5660-H23","1-Year SWMA for 5765-H39/H23","89RUG2P",1,"N/C "," "," "," "," "," "," "," "," "
"A1QM","Per Proc SW Maint 1Y Ren (Small)","",13,1081600," "," "," "," "," "," "," "," "
," ",,,"========= ",,,," "," "
,"5660-H23 Price",,,1081600,,,," "," "
" "
"5662-H23","3-Year Registration SWMA for 5765-H39/H23","SN1",1,"N/C "," "," "," "," "," "," "," "," "
"0702","Per Proc SW Maint 3Y Reg (Small)","",15,2496000," "," "," "," "," "," "," "," "
," ",,,"========= ",,,," "," "
,"5662-H23 Price",,,2496000,,,," "," "
" "
"5692-A6P","System Software","896DJ3P",1,"N/C "," "," "," "," "," "," "," "," "
"1101","DVD Process No Charge","",1,"N/C "," "," "," "," "," "," "," "," "
"1404","VIOS Expansion Pack","",1,"N/C "," "," "," "," "," "," "," "," "
"2201","Virtual I/O Server","",1,"N/C "," "," "," "," "," "," "," "," "
"2307","IBM PowerVP Standard Edition (5765-SLE)","",1,"N/C "," "," "," "," "," "," "," "," "
"2324","NovaLink (5765-PVS/PVE)","",1,"N/C "," "," "," "," "," "," "," "," "
"3435","DVD/CD-ROM","",1,"N/C "," "," "," "," "," "," "," "," "
," ",,,"========= ",,,," "," "
,"5692-A6P Price",,,0,,,," "," "
" "
"5692-A6P","System Software","896DI3P",1,"N/C "," "," "," "," "," "," "," "," "
"0952","AIX Japan kit","",1,"N/C "," "," "," "," "," "," "," "," "
"0957","AIX Toolbox for Linux Source","",1,"N/C "," "," "," "," "," "," "," "," "
"1100","DVD Process Charge","",1,9300," "," "," "," "," "," "," "," "
"1488","Firefox for AIX (ESD)","",1,"N/C "," "," "," "," "," "," "," "," "
"2259","AIX Toolbox for Linux Applications","",1,"N/C "," "," "," "," "," "," "," "," "
"2271","AIX 7.1 Base Install","",1,"N/C "," "," "," "," "," "," "," "," "
"2272","AIX 7.1 Update Media","",1,"N/C "," "," "," "," "," "," "," "," "
"2273","AIX 7.1 Expansion Pack","",1,"N/C "," "," "," "," "," "," "," "," "
"2320","AIX 7.1 Info Center","",1,"N/C "," "," "," "," "," "," "," "," "
"2322","IBM PowerHA SystemMirror Std Ed V7.2 (5765-H39)","",1,"N/C "," "," "," "," "," "," "," "," "
"2506","AIX 7.1 Standard Edition Specify (5765-G98)","",1,"N/C "," "," "," "," "," "," "," "," "
"3435","DVD/CD-ROM","",1,"N/C "," "," "," "," "," "," "," "," "
," ",,,"========= ",,,," "," "
,"5692-A6P Price",,,9300,,,," "," "
" "
"5765-G98","IBM AIX 7 Standard Edition","89NBR3P",1,"N/C "," "," "," "," "," "," "," "," "
"C1AT","Per Processor Power7/8 - Small","",28,2730000," "," "," "," "," "," "," "," "
," ",,,"========= ",,,," "," "
,"5765-G98 Price",,,2730000,,,," "," "
" "
"5765-H39","IBM PowerHA SystemMirror Standard Edition V7","SN2",1,"N/C "," "," "," "," "," "," "," "," "
"C1EK","Per Proc w 1Yr SW Maint (Small)","",15,6240000," "," "," "," "," "," "," "," "
," ",,,"========= ",,,," "," "
,"5765-H39 Price",,,6240000,,,," "," "
" "
"5765-H39","IBM PowerHA SystemMirror Standard Edition V7","89NCT3P",1,"N/C "," "," "," "," "," "," "," "," "
"C1EK","Per Proc w 1Yr SW Maint (Small)","",13,5408000," "," "," "," "," "," "," "," "
," ",,,"========= ",,,," "," "
,"5765-H39 Price",,,5408000,,,," "," "
" "
"5765-PVE","PowerVM Enterprise Edition","89ND03P",1,"N/C "," "," "," "," "," "," "," "," "
"B9FV","Per Processor - Small","",28,2060800," "," "," "," "," "," "," "," "
," ",,,"========= ",,,," "," "
,"5765-PVE Price",,,2060800,,,," "," "
" "
"5771-PVE","1-Year SWMA for 5765-PVE","89AN6UP",1,"N/C "," "," "," "," "," "," "," "," "
"A0TQ","Per Proc SW Maint Renewal (Small)","",28,448000," "," "," "," "," "," "," "," "
," ",,,"========= ",,,," "," "
,"5771-PVE Price",,,448000,,,," "," "
" "
"5771-SWM","1-Year SWMA for 5765-C34/E61/E62/G03/G62/G98","89AO4UP",1,"N/C "," "," "," "," "," "," "," "," "
"A1BF","Per Processor 1 Yr SWMA Small Power 7 Ren","",28,560000," "," "," "," "," "," "," "," "
," ",,,"========= ",,,," "," "
,"5771-SWM Price",,,560000,,,," "," "
" "


"***********************  SOFTWARE TO BE INSTALLED  ***********************"

"Product","         Description","","Qty","License "," "," "," "," "," "," "," "," "

"5660-H23","1-Year SWMA for 5765-H39/H23","",1,"N/C "," "," "," "," "," "," "," "," "
"A1QM","Per Proc SW Maint 1Y Ren (Small)","",28,2329600," "," "," "," "," "," "," "," "
," ",,,"========= ",,,," "," "
,"5660-H23 Price",,,2329600,,,," "," "
" "


"*****************************  GRAND TOTALS  *****************************"

," ",,,"========= ",,,," "," "
," OTC",,,2329600,,,," "," "

"N/O  - Not Offered"
"N/A  - Price Not Available in Price Database"
"N/C  - No Charge"
"A    - Annual Maintenance Price"
"W/D  - WITHDRAWN"
"F    - ESA 24x7 Full Coverage"
"P    - ESA 9x5 Prime Coverage"
""
"Parts removed as a result of a model upgrade become the property of IBM."



"**********************  ERROR AND WARNING MESSAGES  **********************"


"INFORMATIONAL: **CONFIGURATION CONTAINS AIX AS PRIMARY         "
"               OPERATING SYSTEM**                                             "

"INFORMATIONAL:  Memory Activation                              "
"               Four USB 3.0 ports for general use                             "
"               Two Hardware Management Console (HMC) ports                    "
"               Service processor                                              "
"               One serial port                                                "

