<?xml version="1.0"?>
<ExistItsmaPosition xmlns:xsd="http://www.w3.org/2001/XMLSchema" xmlns:xsi="http://www.w3.org/2001/XMLSchema-instance">
  <Row>
	<TempRow_ProjectHeader> 10 </TempRow_ProjectHeader>
	<TempRow_SystemHeader> 11 </TempRow_SystemHeader>
	<TempRow_Product> 12 </TempRow_Product>
	<TempRow_Start> 10 </TempRow_Start>
	<TempRow_End> 12 </TempRow_End>

	<InsertRowPosHw> 13 </InsertRowPosHw>
	<SammaryRowPos> 14 </SammaryRowPos>

	<StwCategoryAreaStartRow> 19 </StwCategoryAreaStartRow>
	<StwCategoryAreaSumRow> 33 </StwCategoryAreaSumRow>
	<Title> 2 </Title>
	<RequestDateCaption> 4 </RequestDateCaption>
	<RequestDateValue> 4 </RequestDateValue>
	<HeaderRow1> 7 </HeaderRow1>
	<HeaderRow2> 8 </HeaderRow2>
	<HeaderRow3> 9 </HeaderRow3>
  </Row>
  <Col>
	<OioItemNo_AnkProj> 2 </OioItemNo_AnkProj>
	<OioItemNo_System> 3 </OioItemNo_System>
	<OioItemNo_StwCategory> 4 </OioItemNo_StwCategory>
	<OioItemNo_Product> 5 </OioItemNo_Product>
	<AnkenName> 6 </AnkenName>
	<StwCategory> 7 </StwCategory>
	<AasOrQcos> 8 </AasOrQcos>
	<BoxOrMes> 9 </BoxOrMes>
	<ProductNo> 10 </ProductNo>
	<ProductName> 11 </ProductName>
	<Serial> 12 </Serial>
	<Qty> 13 </Qty>
	<WarrantyTerm> 14 </WarrantyTerm>
	<StdMaint> 15 </StdMaint>
	<WarrantyType> 16 </WarrantyType>
	<WarrantyBasePrice> 17 </WarrantyBasePrice>

	<SvcPac_OioItemNo> 19 </SvcPac_OioItemNo>
	<SvcPac_InstallMonth> 20 </SvcPac_InstallMonth>
	<SvcPac_No> 21 </SvcPac_No>
	<SvcPac_Term> 22 </SvcPac_Term>
	<SvcPac_LpPrice> 23 </SvcPac_LpPrice>
	<SvcPac_LpSammary> 24 </SvcPac_LpSammary>
	<SvcPac_CostRate> 25 </SvcPac_CostRate>
	<SvcPac_CostPrice> 26 </SvcPac_CostPrice>
	<SvcPac_CostSummary> 27 </SvcPac_CostSummary>

	<Maint_OioItemNo> 29 </Maint_OioItemNo>
	<Maint_StartMonth> 30 </Maint_StartMonth>
	<Maint_EndMonth> 31 </Maint_EndMonth>
	<Maint_Months> 32 </Maint_Months>
	<Maint_Level> 33 </Maint_Level>
	<Maint_LpPrice> 34 </Maint_LpPrice>
	<Maint_LpSummary> 35 </Maint_LpSummary>
	<Maint_CostRate> 36 </Maint_CostRate>
	<Maint_CostPrice> 37 </Maint_CostPrice>
	<Maint_CostSummary> 38 </Maint_CostSummary>
	<Maint_LpTermSummary> 39 </Maint_LpTermSummary>
	<Maint_CostTermSummary> 40 </Maint_CostTermSummary>
	<InstallDate> 42 </InstallDate>
	<WarrantyTermEndDate> 43 </WarrantyTermEndDate>
	<Maint_StartDate> 44 </Maint_StartDate>
	<Maint_AbolitionDate> 45 </Maint_AbolitionDate>
	<Other> 46 </Other>

	<OioCalculation> 48 </OioCalculation>
	<ReceiptNo> 49 </ReceiptNo>
	<EbsFileNameAndSeq> 50 </EbsFileNameAndSeq>

	<Title> 2 </Title>
	<RequestDateCaption> 2 </RequestDateCaption>
	<RequestDateValue> 3 </RequestDateValue>

	<StwCategoryName> 7 </StwCategoryName>
  </Col>
</ExistItsmaPosition>