<?xml version="1.0"?>
<HardwareIBMPosition xmlns:xsd="http://www.w3.org/2001/XMLSchema" xmlns:xsi="http://www.w3.org/2001/XMLSchema-instance">
  <Row>
	<TempRow_ProjectHeader> 10 </TempRow_ProjectHeader>
	<TempRow_ConfigHeader> 11 </TempRow_ConfigHeader>
	<TempRow_ProductHeader> 12 </TempRow_ProductHeader>
	<TempRow_Feature1> 13 </TempRow_Feature1>
	<TempRow_Feature2> 14 </TempRow_Feature2>
	<TempRow_Feature3> 15 </TempRow_Feature3>
	<InsertRowPos> 16 </InsertRowPos>
	<SammaryRowPos> 16 </SammaryRowPos>
	<OpenPriceExplainRowPos1> 18 </OpenPriceExplainRowPos1>
	<OpenPriceExplainRowPos2> 19 </OpenPriceExplainRowPos2>
	<OpenPriceExplainRowPos3> 20 </OpenPriceExplainRowPos3>
	<StwSumRow_zSeries> 22 </StwSumRow_zSeries>
	<StwSumRow_iSeries> 23 </StwSumRow_iSeries>
	<StwSumRow_pSeries> 24 </StwSumRow_pSeries>
	<StwSumRow_xSeries> 25 </StwSumRow_xSeries>
	<StwSumRow_SsdHeTape> 26 </StwSumRow_SsdHeTape>
	<StwSumRow_SsdMrTape> 27 </StwSumRow_SsdMrTape>
	<StwSumRow_SsdEpDisk> 28 </StwSumRow_SsdEpDisk>
	<StwSumRow_SsdMrDisk> 29 </StwSumRow_SsdMrDisk>
	<StwSumRow_SsdSan> 30 </StwSumRow_SsdSan>
	<StwSumRow_Printers> 31 </StwSumRow_Printers>
	<StwSumRow_SsdOther> 32 </StwSumRow_SsdOther>
	<OutOfStwSumRow_zSeriesCbu> 36 </OutOfStwSumRow_zSeriesCbu>
	<OutOfStwSumRow_zSeriesMcf> 37 </OutOfStwSumRow_zSeriesMcf>
	<OutOfStwSumRow_iSeriesMcf> 38 </OutOfStwSumRow_iSeriesMcf>
	<OutOfStwSumRow_pSeriesMcf> 39 </OutOfStwSumRow_pSeriesMcf>
	<OutOfStwSumRow_xSeriesMcf> 40 </OutOfStwSumRow_xSeriesMcf>
	<OutOfStwSumRow_SsdHeTapeMcf> 41 </OutOfStwSumRow_SsdHeTapeMcf>
	<OutOfStwSumRow_SsdMrTapeMcf> 42 </OutOfStwSumRow_SsdMrTapeMcf>
	<OutOfStwSumRow_SsdEpDiskMcf> 43 </OutOfStwSumRow_SsdEpDiskMcf>
	<OutOfStwSumRow_SsdMrDiskMcf> 44 </OutOfStwSumRow_SsdMrDiskMcf>
	<OutOfStwSumRow_SsdSanMcf> 45 </OutOfStwSumRow_SsdSanMcf>
	<OutOfStwSumRow_zSeriesNonSbo> 46 </OutOfStwSumRow_zSeriesNonSbo>
	<OutOfStwSumRow_iSeriesNonSbo> 47 </OutOfStwSumRow_iSeriesNonSbo>
	<OutOfStwSumRow_pSeriesNonSbo> 48 </OutOfStwSumRow_pSeriesNonSbo>
	<OutOfStwSumRow_xSeriesNonSbo> 49 </OutOfStwSumRow_xSeriesNonSbo>
	<OutOfStwSumRow_SsdHeTapeNonSbo> 50 </OutOfStwSumRow_SsdHeTapeNonSbo>
	<OutOfStwSumRow_SsdMrTapeNonSbo> 51 </OutOfStwSumRow_SsdMrTapeNonSbo>
	<OutOfStwSumRow_SsdEpDiskNonSbo> 52 </OutOfStwSumRow_SsdEpDiskNonSbo>
	<OutOfStwSumRow_SsdMrDiskNonSbo> 53 </OutOfStwSumRow_SsdMrDiskNonSbo>
	<OutOfStwSumRow_SsdSanNonSbo> 54 </OutOfStwSumRow_SsdSanNonSbo>
	<Title> 2 </Title>
	<RequestDateCaption> 4 </RequestDateCaption>
	<RequestDateValue> 4 </RequestDateValue>
	<HeaderRow1> 7 </HeaderRow1>
	<HeaderRow2> 8 </HeaderRow2>
	<HeaderRow3> 9 </HeaderRow3>
  </Row>
  <Col>
	<OioItemNo_AnkProj> 2 </OioItemNo_AnkProj>
	<OioItemNo_Config> 3 </OioItemNo_Config>
	<OioItemNo_System> 4 </OioItemNo_System>
	<OioItemNo_Product> 5 </OioItemNo_Product>
	<AnkenName> 6 </AnkenName>
	<StwCategory> 7 </StwCategory>
	<AasOrQcos> 8 </AasOrQcos>
	<BoxOrMes> 9 </BoxOrMes>
	<ProductNo> 10 </ProductNo>
	<ProductName> 11 </ProductName>
	<Serial> 12 </Serial>
	<Qty> 13 </Qty>
	<PLP_UnitPrice> 14 </PLP_UnitPrice>
	<PLP_Summary> 15 </PLP_Summary>
	<ICBP_UnitPrice> 16 </ICBP_UnitPrice>
	<ICBP_Summary> 17 </ICBP_Summary>
	<ICBP_Rate> 18 </ICBP_Rate>
	<WarrantyTerm> 19 </WarrantyTerm>
	<StdMaint> 20 </StdMaint>
	<WarrantyType> 21 </WarrantyType>
	<WarrantyBasePrice> 22 </WarrantyBasePrice>
	<InstallMonth> 23 </InstallMonth>
	<SvcPac_OioItemNo> 25 </SvcPac_OioItemNo>
	<SvcPac_No> 26 </SvcPac_No>
	<SvcPac_Term> 27 </SvcPac_Term>
	<SvcPac_LpPrice> 28 </SvcPac_LpPrice>
	<SvcPac_LpSammary> 29 </SvcPac_LpSammary>
	<SvcPac_CostRate> 30 </SvcPac_CostRate>
	<SvcPac_CostPrice> 31 </SvcPac_CostPrice>
	<SvcPac_CostSummary> 32 </SvcPac_CostSummary>
	<Maint_OioItemNo> 34 </Maint_OioItemNo>
	<Maint_StartMonth> 35 </Maint_StartMonth>
	<Maint_EndMonth> 36 </Maint_EndMonth>
	<Maint_Months> 37 </Maint_Months>
	<Maint_Level> 38 </Maint_Level>
	<Maint_LpPrice> 39 </Maint_LpPrice>
	<Maint_LpSummary> 40 </Maint_LpSummary>
	<Maint_CostRate> 41 </Maint_CostRate>
	<Maint_CostPrice> 42 </Maint_CostPrice>
	<Maint_CostSummary> 43 </Maint_CostSummary>
	<Maint_LpTermSummary> 44 </Maint_LpTermSummary>
	<Maint_CostTermSummary> 45 </Maint_CostTermSummary>
	<InstallDate> 47 </InstallDate>
	<WarrantyTermEndDate> 48 </WarrantyTermEndDate>
	<Maint_StartDate> 49 </Maint_StartDate>
	<Maint_AbolitionDate> 50 </Maint_AbolitionDate>
	<Other> 51 </Other>
	<CalcAreaMachineType> 53 </CalcAreaMachineType>
	<CalcAreaNonSBO> 54 </CalcAreaNonSBO>
	<OpenPriceExplainColPos> 10 </OpenPriceExplainColPos>
	<Title> 2 </Title>
	<RequestDateCaption> 2 </RequestDateCaption>
	<RequestDateValue> 3 </RequestDateValue>
  </Col>
</HardwareIBMPosition>
