<?xml version="1.0"?>
<HardwareCiscoPosition xmlns:xsd="http://www.w3.org/2001/XMLSchema" xmlns:xsi="http://www.w3.org/2001/XMLSchema-instance">
  <Row>
	<TempRow_Start> 10 </TempRow_Start>
	<TempRow_ProjectHeader> 11 </TempRow_ProjectHeader>
	<TempRow_YellowHeader> 12 </TempRow_YellowHeader>
	<TempRow_GreenHeader> 13 </TempRow_GreenHeader>
	<TempRow_WhilteDetail> 14 </TempRow_WhilteDetail>
	<TempRow_End> 15 </TempRow_End>

	<InsertRowPos> 16 </InsertRowPos>
	<SummaryRowPos> 16 </SummaryRowPos>
	<Title> 2 </Title>
  </Row>
  <Col>
	<OioItemNo_AnkProj> 2 </OioItemNo_AnkProj>
	<OioItemNo_2nd> 3 </OioItemNo_2nd>
	<OioItemNo_3rd> 4 </OioItemNo_3rd>
	<OioItemNo_4th> 5 </OioItemNo_4th>
	<AnkenName> 6 </AnkenName>
	<StwCategory> 7 </StwCategory>
	<Serial> 8 </Serial>
	<MaintTypeNo> 9 </MaintTypeNo>
	<ProductNo> 10 </ProductNo>
	<ProductName> 11 </ProductName>
	<Qty> 12 </Qty>
	<PLP_UnitPrice> 13 </PLP_UnitPrice>
	<PLP_Summary> 14 </PLP_Summary>
	<ICBP_UnitPrice> 15 </ICBP_UnitPrice>
	<ICBP_Summary> 16 </ICBP_Summary>
	<ICBP_Rate> 17 </ICBP_Rate>
	<WarrantyTerm> 18 </WarrantyTerm>
	<InstallMonth> 19 </InstallMonth>

	<Maint_OioItemNo> 21 </Maint_OioItemNo>
	<Maint_StartMonth> 22 </Maint_StartMonth>
	<Maint_EndMonth> 23 </Maint_EndMonth>
	<Maint_Months> 24 </Maint_Months>
	<Maint_SvcTypeEsb> 25 </Maint_SvcTypeEsb>
	<Maint_LpPrice> 26 </Maint_LpPrice>
	<Maint_LpSummary> 27 </Maint_LpSummary>
	<Maint_CostRate> 28 </Maint_CostRate>
	<Maint_CostPrice> 29 </Maint_CostPrice>
	<Maint_CostSummary> 30 </Maint_CostSummary>
	<Maint_LpTermSummary> 31 </Maint_LpTermSummary>
	<Maint_CostTermSummary> 32 </Maint_CostTermSummary>

	<CheckColumn> 33 </CheckColumn>
	<Title> 2 </Title>
  </Col>
</HardwareCiscoPosition>
