<?xml version="1.0"?>
<PaymentPosition xmlns:xsd="http://www.w3.org/2001/XMLSchema" xmlns:xsi="http://www.w3.org/2001/XMLSchema-instance">
  <Row>
	<TableHead_Start> 6 </TableHead_Start>
	<TableHead_End> 10 </TableHead_End>
	<TempRow_Start> 11 </TempRow_Start>
	<TempRow_1> 12 </TempRow_1>
	<TempRow_2> 13 </TempRow_2>
	<TempRow_3> 14 </TempRow_3>
	<TempRow_End> 15 </TempRow_End>
	<SumRow_AdditionsHw> 16 </SumRow_AdditionsHw>
	<SumRow_AdditionsHwCisco> 18 </SumRow_AdditionsHwCisco>
	<SumRow_AdditionsHwBrandSw> 20 </SumRow_AdditionsHwBrandSw>
	<SumRow_AdditionsSwma> 22 </SumRow_AdditionsSwma>
	<SumRow_AdditionsSwg> 24 </SumRow_AdditionsSwg>
	<SumRow_AdditionsSwgPa> 26 </SumRow_AdditionsSwgPa>
	<SumRow_AdditionsVlsIasc> 28 </SumRow_AdditionsVlsIasc>
	<SumRow_AdditionsItsmaSvcPac> 30 </SumRow_AdditionsItsmaSvcPac>
	<SumRow_AdditionsItsma> 32 </SumRow_AdditionsItsma>
	<SumRow_AdditionsItsmaCisco> 34 </SumRow_AdditionsItsmaCisco>
	<SumRow_AdditionsExistItsmaSvcPac> 36 </SumRow_AdditionsExistItsmaSvcPac>
	<SumRow_AdditionsExistItsma> 38 </SumRow_AdditionsExistItsma>
	<SumRow_AdditionsIgsSvc> 40 </SumRow_AdditionsIgsSvc>
	<CalcurateDivision> 2 </CalcurateDivision>
	<ByMonthPayment> 10 </ByMonthPayment>
  </Row>
  <Col>
	<IndexNo_AnkProj> 2 </IndexNo_AnkProj>
	<IndexNo_Config> 3 </IndexNo_Config>
	<IndexNo_System> 4 </IndexNo_System>
	<IndexNo_Product> 5 </IndexNo_Product>
	<IndexNo_Other> 6 </IndexNo_Other>
	<AnkenName> 7 </AnkenName>
	<StwCategory> 8 </StwCategory>
	<Qty> 9 </Qty>
	<AasOrQcos> 10 </AasOrQcos>
	<BoxOrMes> 11 </BoxOrMes>
	<MTDL> 12 </MTDL>
	<Serial> 13 </Serial>
	<InstallMonth> 14 </InstallMonth>
	<WarrantyTerm> 15 </WarrantyTerm>
	<EstimateStartMonth> 16 </EstimateStartMonth>
	<EstimateEndMonth> 17 </EstimateEndMonth>
	<SupplyMonths> 18 </SupplyMonths>
	<ListUnitPrice> 20 </ListUnitPrice>
	<ListPriceSummary> 21 </ListPriceSummary>
	<MonthlyMethod> 25 </MonthlyMethod>
	<BauDiscountRate> 26 </BauDiscountRate>
	<OioDiscountRate> 27 </OioDiscountRate>
	<AfterApplyD_Per> 28 </AfterApplyD_Per>
	<Price_Principal> 29 </Price_Principal>
	<OioCaseBottom> 35 </OioCaseBottom>
	<OioBottomSummary> 36 </OioBottomSummary>
	<CalcurateDivision> 8 </CalcurateDivision>
	<OioTermTotal> 52 </OioTermTotal>
	<OioTermOutTotal> 53 </OioTermOutTotal>
	<ByMonthPaymentStart> 56 </ByMonthPaymentStart>
	<ByMonthPaymentEnd> 202 </ByMonthPaymentEnd>
	<OutOfTermPrevious> 204 </OutOfTermPrevious>
	<OutOfTermAfter> 205 </OutOfTermAfter>
  </Col>
</PaymentPosition>

