<?xml version="1.0"?>
<SoftwareIBMPosition xmlns:xsd="http://www.w3.org/2001/XMLSchema" xmlns:xsi="http://www.w3.org/2001/XMLSchema-instance">
  <Row>
	<TempRow_Start> 10 </TempRow_Start>
	<TempRow_End> 257 </TempRow_End>
	<TempRow_ProjectHeader> 10 </TempRow_ProjectHeader>
	<TempRow_ConfigHeader> 11 </TempRow_ConfigHeader>
	<TempRow_NewSecHeader> 12 </TempRow_NewSecHeader>
	<TempRow_ConSecHeader> 13 </TempRow_ConSecHeader>
	<TempRow_ProductHeader> 14 </TempRow_ProductHeader>
	<TempRow_Feature1> 15 </TempRow_Feature1>
	<TempRow_Feature2> 16 </TempRow_Feature2>
	<TempRow_Feature3> 17 </TempRow_Feature3>
	<TempRow_HBS_I1> 19 </TempRow_HBS_I1>
	<TempRow_HBS_I2> 20 </TempRow_HBS_I2>
	<TempRow_HBS_I3> 21 </TempRow_HBS_I3>
	<TempRow_HBS_P1> 31 </TempRow_HBS_P1>
	<TempRow_HBS_P2> 32 </TempRow_HBS_P2>
	<TempRow_HBS_P3> 33 </TempRow_HBS_P3>
	<TempRow_HBS_SSD1> 43 </TempRow_HBS_SSD1>
	<TempRow_HBS_SSD2> 44 </TempRow_HBS_SSD2>
	<TempRow_HBS_SSD3> 45 </TempRow_HBS_SSD3>
	<TempRow_HBS_X1> 55 </TempRow_HBS_X1>
	<TempRow_HBS_X2> 56 </TempRow_HBS_X2>
	<TempRow_HBS_X3> 57 </TempRow_HBS_X3>
	<TempRow_SWMA_I1> 67 </TempRow_SWMA_I1>
	<TempRow_SWMA_I2> 68 </TempRow_SWMA_I2>
	<TempRow_SWMA_I3> 69 </TempRow_SWMA_I3>
	<TempRow_SWMA_P1> 79 </TempRow_SWMA_P1>
	<TempRow_SWMA_P2> 80 </TempRow_SWMA_P2>
	<TempRow_SWMA_P3> 81 </TempRow_SWMA_P3>
	<TempRow_SWMA_SSD1> 91 </TempRow_SWMA_SSD1>
	<TempRow_SWMA_SSD2> 92 </TempRow_SWMA_SSD2>
	<TempRow_SWMA_SSD3> 93 </TempRow_SWMA_SSD3>
	<TempRow_SWG_I1> 103 </TempRow_SWG_I1>
	<TempRow_SWG_I2> 104 </TempRow_SWG_I2>
	<TempRow_SWG_I3> 105 </TempRow_SWG_I3>
	<TempRow_SWG_P1> 115 </TempRow_SWG_P1>
	<TempRow_SWG_P2> 116 </TempRow_SWG_P2>
	<TempRow_SWG_P3> 117 </TempRow_SWG_P3>
	<TempRow_SWG_X1> 127 </TempRow_SWG_X1>
	<TempRow_SWG_X2> 128 </TempRow_SWG_X2>
	<TempRow_SWG_X3> 129 </TempRow_SWG_X3>
	<TempRow_HBS_I_NSBO1> 139 </TempRow_HBS_I_NSBO1>
	<TempRow_HBS_I_NSBO2> 140 </TempRow_HBS_I_NSBO2>
	<TempRow_HBS_I_NSBO3> 141 </TempRow_HBS_I_NSBO3>
	<TempRow_HBS_P_NSBO1> 151 </TempRow_HBS_P_NSBO1>
	<TempRow_HBS_P_NSBO2> 152 </TempRow_HBS_P_NSBO2>
	<TempRow_HBS_P_NSBO3> 153 </TempRow_HBS_P_NSBO3>
	<TempRow_HBS_SSD_NSBO1> 163 </TempRow_HBS_SSD_NSBO1>
	<TempRow_HBS_SSD_NSBO2> 164 </TempRow_HBS_SSD_NSBO2>
	<TempRow_HBS_SSD_NSBO3> 165 </TempRow_HBS_SSD_NSBO3>
	<TempRow_HBS_X_NSBO1> 175 </TempRow_HBS_X_NSBO1>
	<TempRow_HBS_X_NSBO2> 176 </TempRow_HBS_X_NSBO2>
	<TempRow_HBS_X_NSBO3> 177 </TempRow_HBS_X_NSBO3>
	<TempRow_SWMA_I_NSBO1> 187 </TempRow_SWMA_I_NSBO1>
	<TempRow_SWMA_I_NSBO2> 188 </TempRow_SWMA_I_NSBO2>
	<TempRow_SWMA_I_NSBO3> 189 </TempRow_SWMA_I_NSBO3>
	<TempRow_SWMA_P_NSBO1> 199 </TempRow_SWMA_P_NSBO1>
	<TempRow_SWMA_P_NSBO2> 200 </TempRow_SWMA_P_NSBO2>
	<TempRow_SWMA_P_NSBO3> 201 </TempRow_SWMA_P_NSBO3>
	<TempRow_SWMA_SSD_NSBO1> 211 </TempRow_SWMA_SSD_NSBO1>
	<TempRow_SWMA_SSD_NSBO2> 212 </TempRow_SWMA_SSD_NSBO2>
	<TempRow_SWMA_SSD_NSBO3> 213 </TempRow_SWMA_SSD_NSBO3>
	<TempRow_SWG_I_NSBO1> 223 </TempRow_SWG_I_NSBO1>
	<TempRow_SWG_I_NSBO2> 224 </TempRow_SWG_I_NSBO2>
	<TempRow_SWG_I_NSBO3> 225 </TempRow_SWG_I_NSBO3>
	<TempRow_SWG_P_NSBO1> 235 </TempRow_SWG_P_NSBO1>
	<TempRow_SWG_P_NSBO2> 236 </TempRow_SWG_P_NSBO2>
	<TempRow_SWG_P_NSBO3> 237 </TempRow_SWG_P_NSBO3>
	<TempRow_SWG_X_NSBO1> 247 </TempRow_SWG_X_NSBO1>
	<TempRow_SWG_X_NSBO2> 248 </TempRow_SWG_X_NSBO2>
	<TempRow_SWG_X_NSBO3> 249 </TempRow_SWG_X_NSBO3>
	<InsertRowPosUpper> 258 </InsertRowPosUpper>

	<InsertRowPosHBS_I> 262 </InsertRowPosHBS_I>
	<InsertRowPosHBS_P> 266 </InsertRowPosHBS_P>
	<InsertRowPosHBS_SSD> 270 </InsertRowPosHBS_SSD>
	<InsertRowPosHBS_X> 274 </InsertRowPosHBS_X>

	<InsertRowPosSWMA_I> 279 </InsertRowPosSWMA_I>
	<InsertRowPosSWMA_P> 283 </InsertRowPosSWMA_P>
	<InsertRowPosSWMA_SSD> 287 </InsertRowPosSWMA_SSD>

	<InsertRowPosSWG_I> 292 </InsertRowPosSWG_I>
	<InsertRowPosSWG_P> 296 </InsertRowPosSWG_P>
	<InsertRowPosSWG_X> 300 </InsertRowPosSWG_X>

	<InsertRowPosHBS_I_NSBO> 305 </InsertRowPosHBS_I_NSBO>
	<InsertRowPosHBS_P_NSBO> 309 </InsertRowPosHBS_P_NSBO>
	<InsertRowPosHBS_SSD_NSBO> 313 </InsertRowPosHBS_SSD_NSBO>
	<InsertRowPosHBS_X_NSBO> 317 </InsertRowPosHBS_X_NSBO>

	<InsertRowPosSWMA_I_NSBO> 322 </InsertRowPosSWMA_I_NSBO>
	<InsertRowPosSWMA_P_NSBO> 326 </InsertRowPosSWMA_P_NSBO>
	<InsertRowPosSWMA_SSD_NSBO> 330 </InsertRowPosSWMA_SSD_NSBO>

	<InsertRowPosSWG_I_NSBO> 335 </InsertRowPosSWG_I_NSBO>
	<InsertRowPosSWG_P_NSBO> 339 </InsertRowPosSWG_P_NSBO>
	<InsertRowPosSWG_X_NSBO> 343 </InsertRowPosSWG_X_NSBO>

	<SammaryRowPos> 258 </SammaryRowPos>
  </Row>
  <Col>
	<UA_OioItemNo_AnkProj> 2 </UA_OioItemNo_AnkProj>
	<UA_OioItemNo_Config> 3 </UA_OioItemNo_Config>
	<UA_OioItemNo_System> 4 </UA_OioItemNo_System>
	<UA_OioItemNo_Product> 5 </UA_OioItemNo_Product>
	<UA_AnkenName> 6 </UA_AnkenName>
	<UA_StwCategory> 7 </UA_StwCategory>
	<UA_HW_MTDL> 8 </UA_HW_MTDL>
	<UA_HW_SERIAL> 9 </UA_HW_SERIAL>
	<UA_ProductNo> 10 </UA_ProductNo>
	<UA_Description> 11 </UA_Description>
	<UA_Qty> 12 </UA_Qty>
	<UA_LP_UnitPrice> 13 </UA_LP_UnitPrice>
	<UA_LP_Summary> 14 </UA_LP_Summary>
	<UA_LP_TermSummary> 15 </UA_LP_TermSummary>
	<UA_InstallMonth> 16 </UA_InstallMonth>
	<UA_TermStartMonth> 17 </UA_TermStartMonth>
	<UA_TermEndMonth> 18 </UA_TermEndMonth>
	<UA_Years> 19 </UA_Years>
	<UA_Remarks> 20 </UA_Remarks>
	<UA_NonSBO> 28 </UA_NonSBO>
	<HBS_OioItemNo_Product> 5 </HBS_OioItemNo_Product>
	<HBS_AnkenName> 6 </HBS_AnkenName>
	<HBS_AnkenName_Media> 15 </HBS_AnkenName_Media>
	<HBS_YearIndex> 7 </HBS_YearIndex>
	<HBS_InstallMonth> 8 </HBS_InstallMonth>
	<HBS_StwCategory_License> 10 </HBS_StwCategory_License>
	<HBS_LicenseFee> 11 </HBS_LicenseFee>
	<HBS_StwCategory_Media> 17 </HBS_StwCategory_Media>
	<HBS_MediaFee> 18 </HBS_MediaFee>
	<SWMA_OioItemNo_Product> 5 </SWMA_OioItemNo_Product>
	<SWMA_AnkenName> 6 </SWMA_AnkenName>
	<SWMA_YearIndex> 10 </SWMA_YearIndex>
	<SWMA_InstallMonth> 11 </SWMA_InstallMonth>
	<SWMA_StwCategory> 14 </SWMA_StwCategory>
	<SWMA_MainteFee> 15 </SWMA_MainteFee>
  </Col>
</SoftwareIBMPosition>