<?xml version="1.0"?>
<SwgPaPosition xmlns:xsd="http://www.w3.org/2001/XMLSchema" xmlns:xsi="http://www.w3.org/2001/XMLSchema-instance">
  <Row>
	<TempRow_Start> 13 </TempRow_Start>
	<TempRow_ProjectHeader> 14 </TempRow_ProjectHeader>
	<TempRow_YellowHeader> 15 </TempRow_YellowHeader>
	<TempRow_GreenHeader> 16 </TempRow_GreenHeader>
	<TempRow_WhilteDetail> 17 </TempRow_WhilteDetail>
	<TempRow_YellowHeaderSwma> 18 </TempRow_YellowHeaderSwma>
	<TempRow_GreenHeaderSwma> 19 </TempRow_GreenHeaderSwma>
	<TempRow_WhilteDetailSwma> 20 </TempRow_WhilteDetailSwma>
	<TempRow_End> 21 </TempRow_End>
	<InsertRowPos> 22</InsertRowPos>
	<SummaryRowPos> 23 </SummaryRowPos>
	<MediaDB2_SummaryRowPos> 26 </MediaDB2_SummaryRowPos>
	<MediaLotus_SummaryRowPos> 27 </MediaLotus_SummaryRowPos>
	<MediaRational_SummaryRowPos> 28 </MediaRational_SummaryRowPos>
	<MediaTivoli_SummaryRowPos> 29 </MediaTivoli_SummaryRowPos>
	<MediaWebSphere_SummaryRowPos> 30 </MediaWebSphere_SummaryRowPos>
	<MediaOther_SummaryRowPos> 31 </MediaOther_SummaryRowPos>
	<DB2_SummaryRowPos> 33 </DB2_SummaryRowPos>
	<Lotus_SummaryRowPos> 34 </Lotus_SummaryRowPos>
	<Rational_SummaryRowPos> 35 </Rational_SummaryRowPos>
	<Tivoli_SummaryRowPos> 36 </Tivoli_SummaryRowPos>
	<WebSphere_SummaryRowPos> 37 </WebSphere_SummaryRowPos>
	<Other_SummaryRowPos> 38 </Other_SummaryRowPos>
	<NonSboDB2_SummaryRowPos> 40 </NonSboDB2_SummaryRowPos>
	<NonSboLotus_SummaryRowPos> 41 </NonSboLotus_SummaryRowPos>
	<NonSboRational_SummaryRowPos> 42 </NonSboRational_SummaryRowPos>
	<NonSboTivoli_SummaryRowPos> 43 </NonSboTivoli_SummaryRowPos>
	<NonSboWebSphere_SummaryRowPos> 44 </NonSboWebSphere_SummaryRowPos>
	<NonSboOther_SummaryRowPos> 45 </NonSboOther_SummaryRowPos>

	<AnniversaryDate> 4 </AnniversaryDate>
	<PassportAdvantageNo> 5 </PassportAdvantageNo>
	<PriceLevel> 6 </PriceLevel>
	<OioTermStart> 7 </OioTermStart>
	<ContractStartMonth> 8 </ContractStartMonth>
	<OioTermEndMonth> 7 </OioTermEndMonth>
	<PaContractEndMonth> 8 </PaContractEndMonth>
  </Row>
  <Col>
	<AnniversaryDate> 7 </AnniversaryDate>
	<PassportAdvantageNo> 7 </PassportAdvantageNo>
	<PriceLevel> 7 </PriceLevel>
	<OioTermStart> 7 </OioTermStart>
	<ContractStartMonth> 7 </ContractStartMonth>
	<OioTermEndMonth> 20 </OioTermEndMonth>
	<PaContractEndMonth> 20 </PaContractEndMonth>

	<OioItemNo_AnkProj> 2 </OioItemNo_AnkProj>
	<OioItemNo_2nd> 3 </OioItemNo_2nd>
	<OioItemNo_3rd> 4 </OioItemNo_3rd>
	<OioItemNo_4th> 5 </OioItemNo_4th>
	<AnkenName> 6 </AnkenName>
	<StwCategory> 7 </StwCategory>
	<Brand> 8 </Brand>
	<UsedHw> 9 </UsedHw>
	<ProductNo> 10 </ProductNo>
	<Description> 11 </Description>
	<Qty> 12 </Qty>
	<LP_UnitPrice> 13 </LP_UnitPrice>
	<LP_Summary> 14 </LP_Summary>
	<ReducedRate> 15 </ReducedRate>
	<ReducedUnitPrice> 16 </ReducedUnitPrice>
	<ReducedSummary> 17 </ReducedSummary>
	<InstallMonth> 18 </InstallMonth>
	<StartMonth> 19 </StartMonth>
	<EndMonth> 20 </EndMonth>
	<Months> 21 </Months>
	<Remarks> 22 </Remarks>
	<WosOrder> 23 </WosOrder>
	<Status> 24 </Status>
  </Col>
</SwgPaPosition>