<?xml version="1.0"?>
<TopacsPosition xmlns:xsd="http://www.w3.org/2001/XMLSchema" xmlns:xsi="http://www.w3.org/2001/XMLSchema-instance">
  <Row>
	<TempRow_Start> 11 </TempRow_Start>
	<TempRow> 12 </TempRow>
	<TempRow_End> 13 </TempRow_End>
	<InsertRow_Hw_zSeries> 17 </InsertRow_Hw_zSeries>
	<InsertRow_Hw_iSeries> 23 </InsertRow_Hw_iSeries>
	<InsertRow_Sw_iSeries> 29 </InsertRow_Sw_iSeries>
	<InsertRow_Hw_pSeries> 35 </InsertRow_Hw_pSeries>
	<InsertRow_Sw_pSeries> 41 </InsertRow_Sw_pSeries>
	<InsertRow_Hw_xSeries> 47 </InsertRow_Hw_xSeries>
	<InsertRow_Sw_xSeries> 53 </InsertRow_Sw_xSeries>
	<InsertRow_Hw_SSD> 59 </InsertRow_Hw_SSD>
	<InsertRow_Sw_SSD> 65 </InsertRow_Sw_SSD>
	<InsertRow_Hw_CISCO> 71 </InsertRow_Hw_CISCO>
	<InsertRow_Swg_PA> 77 </InsertRow_Swg_PA>
	<InsertRow_Vls_IASC> 83 </InsertRow_Vls_IASC>
	<CpNoRow> 3 </CpNoRow>
  </Row>
  <Col>
	<IndexNo_AnkProj> 2 </IndexNo_AnkProj>
	<IndexNo_Config> 3 </IndexNo_Config>
	<IndexNo_System> 4 </IndexNo_System>
	<IndexNo_Product> 5 </IndexNo_Product>
	<AnkenName> 6 </AnkenName>
	<YearIndex> 7 </YearIndex>
	<ProductNo> 8 </ProductNo>
	<StwCategory> 9 </StwCategory>
	<RefWorkSheet> 10 </RefWorkSheet>
	<InstallMonth> 11 </InstallMonth>
	<StartUpNo> 13 </StartUpNo>
	<ApplyNo> 14 </ApplyNo>
	<Remarks> 15 </Remarks>
	<DiscountedPrice> 17 </DiscountedPrice>
	<DiscountRate> 18 </DiscountRate>
	<ListPrice> 19 </ListPrice>
	<Crad> 21 </Crad>
	<Bvd> 22 </Bvd>
	<Lid> 23 </Lid>
	<CpNoCol> 7 </CpNoCol>
  </Col>
</TopacsPosition>

