<?xml version="1.0"?>
<VlsPosition xmlns:xsd="http://www.w3.org/2001/XMLSchema" xmlns:xsi="http://www.w3.org/2001/XMLSchema-instance">
  <Row>
	<TempRow_Start> 13 </TempRow_Start>
	<TempRow_ProjectHeader> 14 </TempRow_ProjectHeader>
	<TempRow_YellowHeader> 15 </TempRow_YellowHeader>
	<TempRow_GreenHeader> 16 </TempRow_GreenHeader>
	<TempRow_WhilteDetail> 17 </TempRow_WhilteDetail>
	<TempRow_End> 18 </TempRow_End>
	<InsertRowPos> 19</InsertRowPos>
	<SammaryRowPos> 20 </SammaryRowPos>
	<Title> 2 </Title>
	<RequestDateCaption> 7 </RequestDateCaption>
	<RequestDateValue> 7 </RequestDateValue>
  </Row>
  <Col>
	<OioTermStart> 2 </OioTermStart>
	<OioItemNo_AnkProj> 2 </OioItemNo_AnkProj>
	<OioItemNo_System> 3 </OioItemNo_System>
	<OioItemNo_Brand> 4 </OioItemNo_Brand>
	<OioItemNo_Product> 5 </OioItemNo_Product>
	<AnkenName> 6 </AnkenName>
	<StwCategory> 7 </StwCategory>
	<Brand> 8 </Brand>
	<UsedHw> 9 </UsedHw>
	<ProductNo> 10 </ProductNo>
	<Description> 11 </Description>
	<Qty> 12 </Qty>
	<LP_UnitPrice> 13 </LP_UnitPrice>
	<LP_Summary> 14 </LP_Summary>
	<ReducedRate> 15 </ReducedRate>
	<ReducedUnitPrice> 16 </ReducedUnitPrice>
	<ReducedSummary> 17 </ReducedSummary>
	<CostRate> 18 </CostRate>
	<CostUnitPrice> 19 </CostUnitPrice>
	<CostSummary> 20 </CostSummary>
	<InstallMonth> 21 </InstallMonth>
	<StartMonth> 22 </StartMonth>
	<EndMonth> 23 </EndMonth>
	<Months> 24 </Months>
	<Remarks> 25 </Remarks>
	<WosOrder> 26 </WosOrder>
	<Status> 27 </Status>
	<Title> 2 </Title>
	<RequestDateCaption> 2 </RequestDateCaption>
	<RequestDateValue> 3 </RequestDateValue>
  </Col>
</VlsPosition>